{"how": {"CARDINAL": 0.5297330097087378, "DATE": 0.07099514563106796, "EVENT": 0.0012135922330097086, "FAC": 0.00015169902912621358, "GPE": 0.013804611650485438, "LANGUAGE": 0.000758495145631068, "LAW": 0.0, "LOC": 0.003944174757281553, "MONEY": 0.050970873786407765, "NORP": 0.010770631067961165, "ORDINAL": 0.008798543689320388, "ORG": 0.015018203883495146, "OTHER": 0.21480582524271843, "PERCENT": 0.030491504854368932, "PERSON": 0.005309466019417476, "PRODUCT": 0.0013652912621359224, "QUANTITY": 0.032311893203883495, "TIME": 0.00849514563106796, "WORK_OF_ART": 0.001061893203883495}, "what": {"CARDINAL": 0.04528337412916588, "DATE": 0.04854704073306973, "EVENT": 0.004581685809326555, "FAC": 0.0051151697734262225, "GPE": 0.07060817171907362, "LANGUAGE": 0.0027929454591100232, "LAW": 0.0017573589405636102, "LOC": 0.010104813908240758, "MONEY": 0.0069352915332956755, "NORP": 0.04801355676897006, "ORDINAL": 0.006872528713989833, "ORG": 0.12266993033327057, "OTHER": 0.5252620347706018, "PERCENT": 0.018012929140777005, "PERSON": 0.06925877110399799, "PRODUCT": 0.0026360384108454153, "QUANTITY": 0.004393397351409025, "TIME": 0.0019142659888282182, "WORK_OF_ART": 0.005240695412037909}, "when": {"CARDINAL": 0.06583906007537131, "DATE": 0.749057858567945, "EVENT": 0.009088893815118598, "FAC": 0.0008867213478164486, "GPE": 0.011970738195522057, "LANGUAGE": 0.0004433606739082243, "LAW": 0.0, "LOC": 0.0011084016847705607, "MONEY": 0.0011084016847705607, "NORP": 0.00509864774994458, "ORDINAL": 0.005542008423852805, "ORG": 0.03635557526047439, "OTHER": 0.09798270893371758, "PERCENT": 0.0015517623586787852, "PERSON": 0.006650410108623365, "PRODUCT": 0.001330082021724673, "QUANTITY": 0.0004433606739082243, "TIME": 0.00509864774994458, "WORK_OF_ART": 0.0004433606739082243}, "where": {"CARDINAL": 0.01415870925255186, "DATE": 0.014487981560750741, "EVENT": 0.001975633849193283, "FAC": 0.03161014158709253, "GPE": 0.3065525189331577, "LANGUAGE": 0.0013170892327955218, "LAW": 0.0023049061573921633, "LOC": 0.052683569311820874, "MONEY": 0.0009878169245966415, "NORP": 0.030293052354297002, "ORDINAL": 0.02667105696410932, "ORG": 0.14092854790912085, "OTHER": 0.2914059927560092, "PERCENT": 0.00032927230819888045, "PERSON": 0.07770826473493579, "PRODUCT": 0.0029634507737899243, "QUANTITY": 0.0009878169245966415, "TIME": 0.0006585446163977609, "WORK_OF_ART": 0.001975633849193283}, "which": {"CARDINAL": 0.01500646830530401, "DATE": 0.03234152652005175, "EVENT": 0.004915912031047865, "FAC": 0.01034928848641656, "GPE": 0.14049159120310478, "LANGUAGE": 0.0033635187580853816, "LAW": 0.002069857697283312, "LOC": 0.017335058214747737, "MONEY": 0.000258732212160414, "NORP": 0.059508408796895215, "ORDINAL": 0.007244501940491591, "ORG": 0.1648124191461837, "OTHER": 0.31410090556274256, "PERCENT": 0.0007761966364812419, "PERSON": 0.2147477360931436, "PRODUCT": 0.0054333764553686935, "QUANTITY": 0.001034928848641656, "TIME": 0.00129366106080207, "WORK_OF_ART": 0.004915912031047865}, "who": {"CARDINAL": 0.0048216007714561235, "DATE": 0.0064747210359553655, "EVENT": 0.0006888001102080177, "FAC": 0.0019286403085824494, "GPE": 0.06212976994076319, "LANGUAGE": 0.0008265601322496211, "LAW": 0.00041328006612481057, "LOC": 0.002617440418790467, "MONEY": 0.00013776002204160352, "NORP": 0.06460945033751206, "ORDINAL": 0.003168480506956881, "ORG": 0.13348946135831383, "OTHER": 0.251549800247968, "PERCENT": 0.00013776002204160352, "PERSON": 0.46356247416999585, "PRODUCT": 0.0016531202644992423, "QUANTITY": 0.00013776002204160352, "TIME": 0.0, "WORK_OF_ART": 0.0016531202644992423}, "why": {"CARDINAL": 0.03991596638655462, "DATE": 0.03676470588235294, "EVENT": 0.01365546218487395, "FAC": 0.005252100840336135, "GPE": 0.06932773109243698, "LANGUAGE": 0.0063025210084033615, "LAW": 0.0, "LOC": 0.01365546218487395, "MONEY": 0.0021008403361344537, "NORP": 0.06722689075630252, "ORDINAL": 0.011554621848739496, "ORG": 0.059873949579831935, "OTHER": 0.6407563025210085, "PERCENT": 0.0, "PERSON": 0.028361344537815126, "PRODUCT": 0.0, "QUANTITY": 0.0031512605042016808, "TIME": 0.0010504201680672268, "WORK_OF_ART": 0.0010504201680672268}}